<?xml version="1.0" encoding="UTF-8" ?>
<!DOCTYPE tiles-definitions PUBLIC
       "-//Apache Software Foundation//DTD Tiles Configuration 2.0//EN"
       "http://tiles.apache.org/dtds/tiles-config_2_0.dtd">
<tiles-definitions>
    
    <definition name="home.index" 
    	template="/WEB-INF/jsp/template/templates/mytemplate.jsp">
    	<put-attribute name="content" 
    		value="/WEB-INF/jsp/template/home/index.jsp"></put-attribute>
    </definition>
    
    <definition name="aboutus.index" 
    	template="/WEB-INF/jsp/template/templates/mytemplate.jsp">
    	<put-attribute name="content" 
    		value="/WEB-INF/jsp/template/aboutus/index.jsp"></put-attribute>
    </definition>
    
    <definition name="news.index" 
    	template="/WEB-INF/jsp/template/templates/mytemplate.jsp">
    	<put-attribute name="content" 
    		value="/WEB-INF/jsp/template/news/index.jsp"></put-attribute>
    </definition>
    
</tiles-definitions>